CollectorId,CollectorEmail
"9328490","no@email.com"
"2665152","rwsmith42@gmail.com"
"9600781","nick.jewson@hotmail.com"
"9261254","mjjeffcoat@hotmail.com"
"2457179","jac.bishop@ntlworld.com"
"2449868","bejam20lou@yahoo.com"
"10447865","mrgerrysmith@googlemail.com"
"2379588","clarke-g3@hotmail.co.uk"
"10257385","alison.harding@mariecurie.org.uk"
"11079714","vpalmer@vpalmer.freeserve.co.uk"
"11140444","o39neillkaren@yahoo.co.uk"
"11361667","stulong@talktalk.net"
"11361667","stulong@talktalk.net"
"3437056","ariyan.fernando@yahoo.co.uk"
"4878934","megginson@uwclub.net"
"1198262","cliff12@sky.com"
"4842991","live2njoy4ever@yahoo.com"
"3750311","mail@marj1.plus.com"
"1198775","denise.mcquire@yahoo.com"
"10808930","discovery7165@hotmail.co.uk"
"6973855","lordval99@btinternet.com"
"11008828","alison.maidment@btinternet.com"
"11073351","mpainter@ybs.co.uk"
"11589323","rebecca.bramley@mariecurie.org.uk"
"11290872","wishartbriandjen@talktlak.net"
"1199642","gadjb@blueyonder.co.uk"
"4832740","hengraham1@gmail.com"
"10883777","keithhickie@gmail.com"
"11839750","sarah1754@outlook.com"
"1207918","w.woolhead@yahoo.co.uk"
"1855630","gillsadler84@hotmail.co.uk"
"1963165","ken.wardle29@talktalk.net"
"12031329","heather@zillion.co.uk"
"10799981","sam2.north@sky.com"
"10799981","sam2.north@sky.com"
"10862247","hazel.burkert@btinternet.com"
"12140942","ride@high-plains.co.uk"
"2132693","daveplayford@hotmail.com"
"10998732","jacquelinerogers001@btconnect.com"
"3738281","jackmassey87@gmail.com"
"1196437","amanda.carr@sage.com"
"1881734","jen.coles@talktalk.net"
"11983367","aboddington1@sheffield.ac.uk"
"1313037","janewhiteclothier@btopenworld.com"
"11289200","grantbruce11101980@gmail.com"
"11983369","abehrens1@sheffield.ac.uk"
"11774183","petecpl@aol.com"
"12158444","corrina875@gmail.com"
"9086053","pamandbrihunt@gmail.com"
"5860694","ianblood12@hotmail.com"
"1199086","e.bettencourt@percyhedley.org.uk"
"11717139","k.hill@woffleys.co.uk"
"1202731","leannemay2004@yahoo.co.uk"
"1202731","leannemay2004@yahoo.co.uk"
"1740023","junemrichards@talktalk.net"
"2974184","mcvey1111@hotmail.com"
"13274630","susan.drake@yahoo.co.uk"
"1199611","frearson843@btinternet.com"
"11482584","carolyn.snedden@mariecurie.org.uk"
"11482584","carolyn.snedden@mariecurie.org.uk"
"11482584","carolyn.snedden@mariecurie.org.uk"
"13424566","dustycam@tiscali.com"
"3545233","sara.bass@mariecurie.org.uk"
"11273027","jlbremner@talktalk.net"
"16292590","angela.bussey@mariecurie.org.uk"
"2456789","htrowgnillimyra@yahoo.co.uk"
"15880101","brian.lewis@cais.org.uk"
"14917698","melaniecarl@hotmail.co.uk"
"15823380","laura.foy@mariecurie.org.uk"
"15452628","elizabeth.hunt@specenv.com"
"15201881","faroladley@hotmail.com"
"1621533","angie.clowes@btopenworld.com"
"13401750","jessica.leak@mariecurie.org.uk"
"13010601","fuller2@ntlworld.com"
"1997855","lmiley@waitrose.com"
"15383323","pjb@pbleasby.plus.com"
"13003882","noemail@gmail.com"
"14457146","virginia.haryott@gmail.com"
"1862504","mharness@btinternet.com"
"14230888","squiffy66@gmail.com"
"11534605","judithedmonds@hotmail.com"
"6150280","alan60s@live.com"
"15856262","a_defty@hotmail.com"
"6503113","suecarter@hotmail.com"
"14022388","glasgowhospicefundrasing@mariecurie.org.uk"
"15991782","jlmcguire@virginmedia.com"
"13604272","martintranter@onetel.com"
"1198973","dorothygough@sky.com"
"15574893","peter.buckle32@yahoo.co.uk"
"14515214","suzanne_w_62@hotmail.com"
"14137167","davies985@hotmail.co.uk"
"2446067","johnlat428@gmail.com"
"15430154","sandra.broad@btinternet.com"
"13445519","tony.newman@blueyonder.co.uk"
"13524335","fishface24160@gmail.com"
"15277814","victoria.hardy@mariecurie.org.uk"
"15281707","david@perfectmotion.tv"
"13940704","laura.parry@mariecurie.org.uk"
"15554296","adam.orr@mariecurie.org.uk"
"1828902","pandbhall@mail.com"
"15005533","maureenaspin2@gmail.com"
"12065041","carina.stirling@mariecurie.org.uk"
"11797760","naomi.barrow@hotmail.co.uk"
"5858591","karen_melck@hotmail.com"
"1711523","loveday.herridge@btinternet.com"
"15868694","donnamarie75@ocloud.com"
"16398077","christina.vlahakis@mariecurie.org.uk"
"4264781","fionarr1@yahoo.co.uk"
"1885691","eileenjohnston3@aol.com"
"1205693","rogerb@rogerb.karoo.co.uk"
"16280502","charlieandbeth@btinternet.com"
"13568868","kimwood1959@gmail.com"
"14453184","thedenney@moorsweb.co.uk"
"1855639","steve.kerby@hotmail.co.uk"
"4763023","helen.harrison23@yahoo.com"
"16585960","sophie.williams@catch22.org.uk"
"15332007","annerob12@hotmail.com"
"15483218","brendandevliin880@btinternet.com"
"16674531","karen.chappell@mariecurie.org.uk"
"13121783","andyreed2006@yahoo.co.uk"
"16267363","mariecuriefundraisingdumfries@gmail.com"
"15273821","julieclarke66@hotmail.com"
"14768122","rod31slip@gmail.com"
"16694203","jamestimothystewart@yahoo.co.uk"
"13069244","andymules@btinternet.com"
"13709586","ginettewhite@ymail.com"
"3886183","ian21dixon@btinternet.com"
"13226099","jlrees208@gmail.com"
"12777525","val.carter35@yahoo.co.uk"
"14498206","jenny.smokie@gmail.com"
"1200887","janicebourke@hsbc.com"
"5791878","judith.mantle@hotmail.com"
"11780929","garthoconor@gmail.com"
"14779299","hpickles@hotmail.com"
"18213850","david.woodfine@googlemail.com"
"15426135","charlottejanrtaylor@tiscali.co.uk"
"17779913","noemail@mail.com"
"17240632","sylviawilkinson1@btinternet.com"
"12942677","christine_bellerby@hotmail.com"
"1199827","gillian371968@hotmail.co.uk"
"17207547","alex.dobbing@mariecurie.org.uk"
"5322260","elainelo@yahoo.co.uk"
"3688067","paddy.hudd1964@hotmail.co.uk"
"6838680","cathymscott@hotmail.com"
"14399685","pajandmillster@hotmail.co.uk"
"6407110","dnutland25c@gmail.com"
"13142256","clivelprince@yahoo.co.uk"
"6864987","michael.lean@btinternet.com"
"2455267","gazo.farrell@yahoo.com"
"5571073","jmsc.me@gmail.com"
"16068558","gillianstorey@aol.com"
"16588992","sharon.link@mariecurie.org.uk"
"3222100","donnagoggins@live.co.uk"
"16986911","claire.collins@mariecurie.org.uk"
"1196595","andrew.wright@lathams.co.uk"
"13324498","heather.eadsforth@law.ac.uk"
"16465901","cwainwright205@gmail.com"
"12789530","davidthorogood1963@gmail.com"
"1197483","brspooncer@googlemail.com"
"1199149","eileenmary01@yahoo.com"
"20800021","ebfundraisinggroup.mariecurie@gmail.com"
"12898312","pricecarol1946@yahoo.com"
"163615","mervynallen@btinternet.com"
"13011432","sara@hawthorn16.eclipse.co.uk"
"3829182","rachelcarter28@hotmail.com"
"2447295","suehead60@hotmail.co.uk"
"3873732","george_d_smith@hotmail.co.uk"
"17834260","ellesmereportfg.mariecurie@hotmail.co.uk"
"11308431","hwelch97@gmail.com"
"17241319","karen.chappell@mariecurie.org.uk"
"13845286","hayespauline27@gmail.com"
"2105352","trevor@tcroft213fsnet.co.uk"
"14809981","michele.clifton@portsmouth.gov.uk"
"13010777","bhollinrake@googlemail.com"
"17204969","ann.metford@btinternet.com"
"17033920","jaynemason69@yahoo.com"
"4383880","lahamlyn@googlemail.com"
"17859184","angela.bussey@mariecurie.org.uk"
"12826529","ilesr@hotmail.co.uk"
"17778300","rsummerskill@sthelens.ac.uk"
"18601957","irene.fuller@sky.com"
"7765385","devpalmer@9max.co.uk"
"14812411","ronm294@tiscali.co.uk"
"18656937","sophie.wallace@mariecurie.org.uk"
"17748210","millskirk@ntlworld.com"
"15124581","cdwesson@hotmail.co.uk"
"1830944","barbarahardcastle2@hotmail.co.uk"
"4024889","karenbelshaw@hotmail.com"
"3725986","dave.w.gould@gmail.com"
"3725986","dave.w.gould@gmail.com"
"17814145","kasf9@blueyonder.co.uk"
"1226560","susan.drake@yahoo.co.uk"
"6497931","anitaandnorman@sky.com"
"12291995","catherineahayden@hotmail.com"
"14525284","julieperry@hotmail.com"
"13845973","jaynesouthall18@gmail.com"
"17237585","hlepic@yahoo.co.uk"
"16850027","robprice1st@gmail.com"
"13068206","ann.ffrancon@hotmail.co.uk"
"13848310","bob.heyes@royalmail.com"
"11511885","michelenettleton@hotmail.co.uk"
"16009480","pltownson@hotmail.co.uk"
"19107673","kate.megso@mariecurie.org.uk"
"19107764","kate.megson@mariecurie.org.uk"
"21318987","christinebee03@gmail.com"
"14993648","sonny_dortez@hotmail.co.uk"
"1515976","pippa.rolfe@blueyonder.co.uk"
"1515976","pippa.rolfe@blueyonder.co.uk"
"1635673","val@sawdy.eu"
"19282547","georgina.burke@mariecurie.org.uk"
"19385937","jmchin123@aol.com"
"2077991","richardayres4017@virginmedia.com"
"19376413","georgia.paton@mariecurie.org.uk"
"21318944","jojo2k4@hotmail.com"
"19938860","lea-x@hotmail.co.uk"
"16943002","candcbarratt@gmail.com"
"6335958","carmelcregan@hotmail.co.uk"
"13325127","sueuksa@msn.com"
"1202920","linda.sparks@live.co.uk"
"5080216","carold.jones@hotmail.co.uk"
"11389277","yr55pen@btinternet.com"
"1856562","michaeltaglione@yahoo.co.uk"
"20452359","chris.solana@ntlworld.com"
"1616785","carolryd2012@gmail.com"
"2031228","georgeanddot@btinternet.com"
"20568441","yvonnenewton@gmx.com"
"4118943","yettynix@yahoo.co.uk"
"21327523","angie@safari.co.uk"
"21988870","maisiehoughton@hotmail.co.uk"
"15325884","sue.hillier@btinternet.com"
"2457064","irene.fuller@sky.com"
"21024140","stephen.goodwin168@btinternet.com"
"1616185","janemccomb@hotmail.com"
"3823330","pam.sandyacres@tiscali.co.uk"
"16388107","chilton.jm@gmail.com"
"22425473","john.kinsella@mariecurie.org.uk"
"3632651","edja30s@gmail.com"
"22911262","brendacorry07@aol.com"
"22912198","peasor1@gmail.com"
"25151026","doreenharrower1953@gmail.com"
"4070080","brenspad01@hotmail.co.uk"
"17090054","david@alanaustin.myzen.co.uk"
"5387261","jyuen@hutchcity.com"
"19985802","carolbacon97@gmail.com"
"22811172","julia.b@nordea.com"
"2054545","marg@jmsimons.co.uk"
"11935065","jacquelinewilde@btinternet.com"
"24598798","whiskatkinson@aol.com"
"11935065","jacquelinewilde@btinternet.com"
"24782802","john.sheey@btinternet.com"
"13388037","mike2011doha@sky.com"
"2903201","shirley@birdlands.plus.com"
"11005760","bob.heyes@royalmail.com"
"25134346","1603793@chester.ac.uk"
"1196872","annkirkby@tiscali.co.uk"
"25049646","sophie.mawson@mariecurie.org.uk"
"14888401","glynbr@hotmail.co.uk"
"5539562","bobbisox18@googlemail.com"
"1297439","eirasmall2009@virginmedia.com"
"15823380","laura.foy@mariecurie.org.uk"
"22600470","jscksonerj@sky.com"
"24368181","haziedavies@aol.com"
"20883990","chrispoole42@hotmail.co.uk"
"17109176","judithellendavis@yahoo.co.uk"
"20290638","pearsonmoya@gmail.com"
"2450200","bm.aw@blueyonder.co.uk"
"1517113","spratt300@btinternet.com"
"22951541","memoriessalon@gmail.com"
"11446783","chalkley550@btinternet.com"
"23929137","deborahantonio40@msn.com"
"11941000","neillandsue@talktalk.net"
"24278611","janetpeniel@talktalk.net"
"3719592","jillpeck3009@gmail.com"
"16257800","bgassociates1@hotmail.co.uk"
"1635673","val@sawdy.eu"
"5384951","andrea.brannan@hotmail.com"
"5003561","jandm@goldthorpe1.orangehome.co.uk"
"5942527","lhollick@sky.com"
"11985048","debbie1810@googlemail.com"
"4215347","oramcar@aol.com"
"1199969","grahamellison19@gmail.com"
"25633640","christian.evans@south-wales.pnn.police.uk"
"20883990","chrispoole42@hotmail.co.uk"
"11854678","grrd@hotmail.co.uk"
"26616947","vivisotta@hotmail.com"
"22596769","sadekkessous@googlemail.com"
"27316404","janetehenry@yahoo.com"
"23982354","patricia.westland@yahoo.co.uk"
"1635673","val@sawdy.eu"
"2154774","john.humby@btinternet.com"
"26813070","ruth_stancombe@hotmail.com"
"27467904","angela.bussey@mariecurie.org.uk"
"23913977","debbie.bold@yahoo.co.uk"
"27220853","dranneturner@hotmail.com"
"2081842","chads7@btinternet.com"
"27032953","amy.johnson@mariecurie.org.uk"
"16080402","angela.bussey@mariecurie.org.uk"
"11860356","alex.dobbing@mariecurie.org.uk"
"1200800","janerigby@talktalk.net"
"27558712","nan@balcormo.plus.com"
"32794452","kelan.mahon@mariecurie.org.uk"
"2980962","barbara.beckett415@btinternet.com"
"4844296","lizzieknighteifionydd@hotmail.co.uk"
"27209956","lynhull21@gmail.com"
"5789626","ambleranne@hotmail.com"
"32169660","micheallister@aol.com"
"14291945","jpc45@talktalk.net"
"24368966","brendanasweeney@hotmail.co.uk"
"1204172","mikecc125@hotmail.com"
"5155216","soccerstartkids@yahoo.co.uk"
"39394996","f.jefferies@blueyonder.co.uk"
"35893909","shazzah35@hotmail.co.uk"
"17120500","daveplayford@hotmail.com"
"40591357","bsenewfundraisinggroup.mariecurie@outlook.com"
"23289199","juliecook8@gmail.com"
"15880099","brian.lewis@cais.org.uk"
"24277811","markthompson7@hotmail.com"
"41445374","bob.ra.clark@btinternet.com"
"6708111","vonny1963@hotmail.co.uk"
"1205944","sally.walden@blueyonder.co.uk"
"24228191","1400601@chester.ac.uk"
"13402775","valerierippon@yahoo.com"
"13501585","harts313@tiscali.co.uk"
"39943161","r.annakrill@outlook.com"
"40157773","j.denney.dance@btinternet.com"
"4422547","nands.scott@ntlworld.com"
"16200804","alisonfiona49@yahoo.co.uk"
"4416875","margaret.freer@btinternet.com"
"37459218","b.morland@sky.com"
"36031032","beverleyfrances1@hotmail.com"
"1197386","bogi@blueyonder.co.uk"
"13421689","marettehose@gmail.com"
"1885919","annebdownes@gmail.com"
"16322291","issy.mcmanus@gmail.com"
"14257639","shaw@waitrose.com"
"32817252","hestermcullough@btinternet.com"
"40191540","sid.rizvi@mariecurie.org.uk"
"42204516","alison.maclean@btopenworld.com"
"40362311","merryn.rose@gmail.com"
"1200339","hil@hotmail.co.uk"
"44068643","philbromhall@hotmail.com"
"13056716","pat_arrowsmith@sky.com"
"36358480","sarah.harris@mariecurie.org.uk"
"13056716","pat_arrowsmith@sky.com"
"36358480","sarah.harris@mariecurie.org.uk"
"15248294","johnandpam@sky.com"
"16406437","lisa.wild@mariecurie.org.uk"
"1207878","williamsfamilly12@talktalk.net"
"39300833","ianshaw275@gmail.com"
"8945014","bellsharon@sky.com"
"17658148","sheila@ogdensheila.wanadoo.co.uk"
"38667192","gail_barrie@hotmail.com"
"3820154","carole@brittonworld.co.uk"
"17186260","a_defty@hotmail.com"
"38668279","gail_barrie@hotmail.com"
"44621545","mc569@student.le.ac.uk"
"16261068","sandrahmay@gmail.com"
"41948685","sarah@dylanhouse.plus.com"
"39275050","royglasper@btinternet.com"
"39989472","sarah.harris@mariecurie.org.uk"
"2844440","hmlmathews@doctors.org.uk"
"3943426","margaret.black6@virginmedia.com"
"5387261","jyuen@hutchcity.com"
"40504512","stuntsukltd@aol.com"
"41115323","charmaine.dunbar@mariecurie.org.uk"
"19002429","johnmarkevans1976@live.co.uk"
"38249564","hitchergraham@hotmail.com"
"1250328","phornsey217@phornsey217.karoo.co.uk"
"13750827","mchlniblett@aol.com"
"14977037","brickyard.farm@hotmail.co.uk"
"42773982","wintwalk@aol.com"
"40173824","suham@thecroft11.karoo.co.uk"
"6137549","kad50@outlook.com"
"1201641","joycernewton@yahoo.co.uk"
"6973855","lordval99@btinternet.com"
"36434472","johnj4425@gmail.com"
"3169455","richardaiken@btinternet.com"
"41316378","ronhiley@hotmail.co.uk"
"38027629","jsmithml@outlook.com"
"14502403","patandrobinconway@hotmail.com"
"40986703","crenouf@btopenworld.com"
"40303427","castlejohn@castlejohn.karoo.co.uk"
"41019286","causera@tiscali.co.uk"
"34757984","nigelheaton@hotmail.co.uk"
"42127969","devonfundraising@mariecurie.org.uk"
"41162089","bainy68@icloud.com"
"14737616","janewright2967@gmail.com"
"4004410","mollclive@icloud.com"
"4231691","djfspringbank@yahoo.com"
"38250281","sauscsg@yahoo.co.uk"
"42885215","marjb39@gmail.com"
"39989472","sarah.harris@mariecurie.org.uk"
"17081113","teresa.douglas@mariecurie.org.uk"
"1832016","jeanpeart@blueyonder.co.uk"
"42068145","patsimonet@googlemail.com"
"27245843","alex.burgoyne@mariecurie.org.uk"
"39639404","josephineeliza@yahoo.co.uk"
"36715890","unknown@gmail.com"
"40284822","angelahammond1966@gmail.com"
"4864713","mandy.watkins@mariecurie.org.uk"
"1885695","annepearson133@gmail.com"
"37803321","i.lipscombe@live.com"
"38253342","neilson.lorraine@gmail.com"
"4245283","ronnie.goldsmith@btopenworld.com"
"15566611","colleenbee22@yahoo.co.uk"
"1204751","noreen@gostelow.org"
"2456283","heidi.whyley@hotmail.co.uk"
"39509867","chalotte.jackson@mariecurie.org.uk"
"38575517","annllumb@googlemail.com"
"41500962","emma.mcconnell@ymail.com"
"15115923","sheila99.craig@yahoo.co.uk"
"16709964","angelabrown1964@hotmail.co.uk"
"4999873","j.roberts836@btinternet.com"
"15086682","watkins.amyl@googlemail.com"
"4511359","s-pearson1@sky.com"
"24851068","mdwilliams25@btinternet.com"
"3048075","dsimpsonbuildersltd@msn.com"
"13420722","leecrook@mail.com"
"39418451","ni@mottsmill2.plus.com"
"35796021","betsy@sky.com"
"13836906","sophie.wallace@mariecurie.org.uk"
"1543769","magbird@btinternet.com"
"3998746","pk.anderson69@gmail.com"
"42735375","lakeside@denisereid.karoo.co.uk"
"16388101","suebetney@gmail.com"
"3405520","fionaandron@blueyonder.co.uk"
"37661449","thomsoncatriona@aol.com"
"46611284","suloe@tiscali.co.uk"
"37802903","gillian.brookes@outlook.com"
"37925404","whickhamfundraising01mariecurie@gmail.com"
"1199794","gerry.granger12@gmail.com"
"42331962","adrienne.conway@mariecurie.org.uk"
"25048091","highlands@highlands55.karoo.co.uk"
"35832589","maureen.woolf@talk21.com"
"44286138","natalie.atherley@mariecurie.org.uk"
"39293356","bevd3@hotmail.co.uk"
"38287802","mary@marypounder5.karoo.co.uk"
"33731842","dittazayn@gmail.com"
"43088202","leeobrien2212@gmail.com"
"6901393","dgsparks@outlook.com"
"40966486","m.geddis@student.liverpool.ac.uk"
"40536972","ellison32@icloud.com"
"43696634","katie.searles@mariecurie.org.uk"
"38265581","gdamanagement@mariecurie.org.uk"
"43545642","debbie1810@googlemail.com"
"16385116","warrchristine@hotmail.co.uk"
"13705252","sueberkee@gmail.com"
"1635673","val@sawdy.eu"
"14298619","kaz71sky@googlemail.com"
"36094990","westie09@googlemail.com"
"26377823","susan.krishna@hotmail.co.uk"
"39260680","dee311061@aol.com"
"13876757","lyboransel@gmail.com"
"16412053","phyliss.stafford@ntlworld.com"
"5931377","markandro@sky.com"
"2858233","t.wilson299@btinternet.com"
"40057947","mandcmorten43@gmail.com"
"44096892","kerrvillas@hotmail.com"
"45140674","mikeporterpubs@gmail.com"
"44528758","alicedagger@gmail.com"
"37734948","mikekay1958@gmail.com"
"42743028","helen210@btinternet.com"
"11667621","cathpat11@gmail.com"
"44143998","georgia.ramplin@mariecurie.org.uk"
"40969666","jackyrob58@icloud.com"
"4490504","johnandlesleyw@yahoo.co.uk"
"1201193","jennyspen60@gmail.com"
"12098052","lauren.edwards2@mariecurie.org.uk"
"42254973","j.i.earp@gmail.com"
"35024062","peter@rotarynorthwest.co.uk"
"42966760","alf_p_oliver@hotmail.com"
"2200997","gggttt2004@yahoo.co.uk"
"1197335","bjt24324@yahoo.co.uk"
"13718130","moregbull@gmail.com"
"1636060","curlythebusker@gmail.com"
"21187046","gm12@talktalk.net"
"1498653","wilnotley@yahoo.co.uk"
"4601415","fudgeytherat@googlemail.com"
"24086211","mconaty19@hotmail.com"
"40791921","jasonmurray30@hotmail.com"
"22885624","christinebarratt@icloud.com"
"2151470","millskirk@ntlworld.com"
"46861347","helen@dunsleymill.co.uk"
"46464203","catherine.hanna@sky.com"
"16415832","jane.richardson@mariecurie.org.uk"
"1200867","janeybanett@btinternet.com"
"42740113","liz.smith365@gmail.com"
"21187046","gm12@talktalk.net"
"49349674","johnsonam16@btinternet.com"
"54143734","bafundraisingmariecurie@gmail.com"
"13648750","dibarnes@btinternet.com"
"54465203","lynsey.neilson@mariecurie.org.uk"
"1650538","linda5213@hotmail.co.uk"
"14928625","rosemary.minnis@live.co.uk"
"14884931","lawson.john@live.co.uk"
"7533115","anita.parsley@ntlworld.com"
"3714340","mfbrown@hotmail.co.uk"
"1586490","linda.rodway@btinternet.com"
"54074558","jgardner6@sky.com"
"26963548","alisonamallender@hotmail.com"
"3129861","kenneth.stubbs1@virgin.net"
"3129861","kenneth.stubbs1@virgin.net"
"56987544","barbaralaverty17@talktalk.net"
"25118178","p.bloss@btconnect.com"
"58900993","bailiehjh@aol.com"
"41434904","gavin.mcgucken@mariecurie.org.uk"
"56992244","wistonian@aol.com"
"57686586","wendy.savage@mariecurie.org.uk"
"57686586","wendy.savage@mariecurie.org.uk"
"1198627","dean.evans5@gmail.com"
"16995534","debporter23@yahoo.com"
"37745684","curranmarjorie@hotmail.com"
"59651670","lauren.alexander@mariecurie.org.uk"
"59348092","nanderson008@bangoracademy.bangor.ni.sch.uk"
"31995464","endaee@yahoo.com"
"5329544","thornehouse@hotmail.com"
"59550584","nikki_harvey@hotmail.com"
"58332571","jane.meares@mariecurie.org.uk"
"17660800","joanarampton@live.co.uk"
"2448292","allison.sheila1@gmail.com"
"4313075","rickcaro@gmail.com"
"14242824","brian.waldman@btinternet.com"
"57697490","joanneandmartin@sky.com"
"6819510","gaynora1@talktalk.net"
"40495845","gwgrn4452@yahoo.co.uk"
"13747437","connie@globalnet.co.uk"
"4895511","kate.wilson501@btinternet.com"
"60815920","amanda.casey@mariecurie.org.uk"
"3015583","diana.hone123@btinternet.com"
"3954769","laura.ellis-williams@mariecurie.org.uk"
"2463871","mark.day63@ntlworld.com"
"13904203","gretnafundraisinggroup.mariecurie@hotmail.co.uk"
"41500960","rosemarygirling1@gmail.com"
"61870270","faye.cryer@mariecurie.org.uk"
"46169602","nina.baker@mariecurie.org.uk"
"7616149","rebecca.bramley@mariecurie.org.uk"
"14459899","korky001@btinternet.com"
"6407110","dnutland25c@gmail.com"
"62467905","btjorgensen@yahoo.co.uk"
"6819510","gaynora1@talktalk.net"
"1775754","eirlys.elias@btinternet.com"
"13623956","joanwilson78@gmail.com"
"63561197","gillcarrick@talktalk.net"
"27491564","alpatwill@btinternet.com"
"16388107","chilton.jm@gmail.com"
"59100866","inacogs@aol.com"
"1234540","malcolm.howarth@yahoo.co.uk"
"15757530","susan.kinghorn55@gmail.com"
"19716441","spurgeons4@googlemail.com"
"63267583","chesterfieldfundraisinggroup.mariecurie@hotmail.com"
"1202425","kimjefferson@live.co.uk"
"63358573","sally.sansom@mariecurie.org.uk"
"62655138","obellew@gmail.com"
"1196553","andrea101uk@btinternet.com"
"61976520","rlht@sky.com"
"12979468","catherinemac3@yahoo.co.uk"
"16995534","debporter23@yahoo.com"
"23156950","seddon.l@sky.com"
"1199240","ellen_wilson@hotmail.co.uk"
"1528631","jesscott@blueyonder.co.uk"
"38368364","joycernewton@yahoo.co.uk"
"12343282","06728@gllm.ac.uk"
"56759059","elc52@btinternet.com"
"16995534","debporter23@yahoo.com"
"35656723","scary295@hotmail.com"
"11900134","giztilley@blueyonder.co.uk"
"61417124","jf@jenfanthorpe.plus.com"
"63268781","nina.baker@mariecurie.org.uk"
"41318920","supergrandpa@hotmail.co.uk"
"63576864","nahida_m@live.co.uk"
"1202020","karen.slater21@ntlworld.com"
"3829966","evestockley@live.co.uk"
"55681177","nasim.chowdhury256@gmail.com"
"16942559","candcbarratt@gmail.com"
"65044184","artisethivyas@gmail.com"
"62114363","bethmarshallpz@btinternet.com"
"20906388","gabrielle.litchfield@sealedair.com"
"11511885","michelenettleton@hotmail.co.uk"
"16682650","keeble855@btinternet.com"
"40334747","mlroman44@gmail.com"
"15747852","sallya.dillon@yahoo.co.uk"
"15643404","stevenbass@sky.com"
"7188641","null"
"68871345","ewanmcguire@hotmail.co.uk"
"3611956","julesthelegend@hotmail.com"
"1203419","lyndathomas1962@hotmail.com"
"69077450","dianethomas64@googlemail.com"
"69476900","formby@mariecurieshops.org.uk"
"39776660","lbrister7@gmail.com"
"3506503","joss@jshove.plus.com"
"69767200","carolknowles91@gmail.com"
"1713003","normanfbrown@me.com"
"9645128","rotate2news@gmail.com"
"1748050","fionaforeman@gmail.com"
"63362914","shelia.jeffrey@ntlworld.com"
"2081842","chads7@btinternet.com"
"10764234","k.jhwalker@tiscali.co.uk"
"67419956","lauren.alexander@mariecurie.org.uk"
"5851060","christinetait51@hotmail.co.uk"
"15152913","kathy.morley@yahoo.co.uk"
"15153285","marj_young@yahoo.co.uk"
"70317670","peterharris4@yahoo.com"
"69906071","lynsey.dick@mariecurie.org.uk"
"3844026","janice.edgar52@talktalk.net"
"65875240","wendyfreeborn@googlemail.com"
"69969560","judithellendavis@yahoo.co.uk"
"1203144","lmreed@hotmail.co.uk"
"55673652","susanturl@btinternet.com"
"2063309","ril77lewis@aol.com"
"4085891","jhcthornhill@gmail.com"
"1650538","linda5213@hotmail.co.uk"
"69129920","nina.baker@mariecurie.org.uk"
"39391423","swaffies@talktalk.net"
"11854678","grrd@hotmail.co.uk"
"1197330","bizzib4@aol.com"
"71125571","daniel.booth@mariecurie.org.uk"
"66422004","t.pates1@ntlworld.com"
"67461424","jill.pennell@axiseurope.com"
"41923070","dianemarymartin@hotmail.com"
"70148813","sue0020@googlemail.com"
"70161922","k-armitage@hotmail.co.uk"
"73573651","jenny.riley@mariecurie.org.uk"
"1206962","susanfishwick7@btinternet.com"
"16936033","kimlitamay@aol.com"
"34360484","carolineelizabethbryant@hotmail.com"
"36727643","catlover.kb77@gmail.com"
"4210395","szscutt@ybs.co.uk"
"16751958","j.me74@hotmail.com"
"74949468","amanda.casey@mariecurie.org.uk"
"61314910","susan.walsh@mariecurie.org.uk"
"70265832","amanda.warrent@mariecurie.org.uk"
"66398417","chrisbeames2008@talktalk.net"
"1882678","paulspinks52@gmail.com"
"71285413","cathy@cmmsoffice.demon.co.uk"
"58452224","diaconu.florin@gmail.com"
"39962954","jennysmith4@talktalk.net"
"13068206","ann.ffrancon@hotmail.co.uk"
"39999072","hannahshammond@gmail.com"
"66800397","cazandalan@btinternet.om"
"70999036","sheila121@gmail.com"
"71099770","lin-harding@hotmail.co.uk"
"68958953","ivdial@hotmail.com"
"70818913","rebecca.fishwick@mariecurie.org.uk"
"37795407","glan@glanjen.plus.com"
"2893105","howsondb@btinternet.com"
"68651593","diane.wood22@icloud.com"
"75959642","amanda.warrent@mariecurie.org.uk"
"60526420","amanda.warrent@mariecurie.org.uk"
"69589870","penneybud@hotmail.com"
"38996409","pennycatherall@live.co.uk"
"15949488","alicedagger@gmail.com"
"74950007","amanda.casey@mariecurie.org.uk"
"25662592","sharonwhiddett346@btinternet.com"
"77512818","hayley.revell@mariecurie.org.uk"
"69600435","danielle.richards@mariecurie.org.uk"
"69130812","wignallmike686@gmail.com"
"68613585","mcnicol1942@gmail.com"
"39596813","ar.mansell@brinternet.com"
"60615770","derek.hart@mariecurie.org.uk"
"10998263","sybil.f.marshall@btinternet.com"
"67484515","clare_hayman@sky.com"
"14151648","paulphillips25@gmail.com"
"71995305","sasha.guillon@btinternet.com"
"65747959","john.hodkinson@btinternet.com"
"70100700","marie.rafferty1@0utlook.com"
"4448106","tiger4@sky.com"
"2132086","sally.sansom@mariecurie.org.uk"
"69773270","sweetpeawadsworth@tesco.net"
"2472133","tracybaron@hotmail.co.uk"
"70689851","chesterfieldfundraisinggroup.mariecurie@hotmail.com"
"69526961","mggrice@hotmailco.uk"
"3658501","derekj2008@hotmail.co.uk"
"69014125","veenaranger@outlook.com"
"1965312","jhandjwilliams@btinternet.com"
"17090054","david@alanaustin.myzen.co.uk"
"72200876","aanika.dhillon@mariecurie.org.uk"
"71139322","danielle.richards@mariecurie.org.uk"
"68274701","johnson101@btinternet.com"
"4762211","janetyeo2@gmail.com"
"76274789","d.capes@btopenworld.com"
"49242344","lindatillbrook@gmail.com"
"71718717","rotherhamfgmariecurie@gmail.com"
"68406109","chwilson26@sky.com"
"71391315","hrmo32@hotmail.com"
"73101165","thtads@hotmai.co.uk"
"16373297","norma331@sky.com"
"39384805","petersibson@blueyonder.co.uk"
"69534403","mo_chaz@yahoo.co.uk"
"73371931","jackieforsytheforsyth@btinternet.com"
"69173140","rebecca.bramley@mariecurie.org.uk"
"3747792","irvinemcabe@hotmail.co.uk"
"73595894","lauren.flint@mariecurie.org.uk"
"1199512","fiona.bushby@mariecurie.org.uk"
"16086554","christinetalena@hotmail.co.uk"
"73521983","aanika.dhillon@mariecurie.org.uk"
"14495879","juneasyrett@talktalk.net"
"2062420","pauline.lawton@blueyonder.co.uk"
"72949126","linda.chesworth@hotmail.co.uk"
"68497906","hayley.revell@mariecurie.org.uk"
"1920223","grant80geoff@hotmail.com"
"46169602","nina.baker@mariecurie.org.uk"
"37536763","faie.riley@gmail.com"
"16621863","mandm@strakergooglemail.com"
"34741072","ploddydot@yahoo.co.uk"
"13857357","sarahheap@live.com"
"13613297","mabarber1@outlook.com"
"12472837","rogerswalton@yahoo.co.uk"
"39989472","sarah.harris@mariecurie.org.uk"
"43708532","mrdm-clmc@outlook.com"
"68935098","mary.hollands@mariecurie.org.uk"
"63626333","daniel.booth@mariecurie.org.uk"
"67302930","dustycam@tiscali.com"
"41923070","dianemarymartin@hotmail.com"
"1197334","bjm.mccoy@btinternet.com"
"22603397","kingmj@tiscali.co.uk"
"37115978","moncell@btinternet.com"
"66677686","harriet.hickin@mariecurie.org.uk"
"1739998","natalie.atherley@mariecurie.org.uk"
"70452851","mum1949@hotmail.com"
"4339254","dionnec2001@gmail.com"
"2850223","anna50@ntlworld.com"
"1206313","sharon.cramb@btinternet.com"
"71397025","stephen.tarr@virginmedia.com"
"1598279","aandmgarbett@gmail.com"
"19981760","inese.yeardley@btinternet.com"
"69019572","heatherdwtr@hotmail.com"
"41133821","susanj.southern@googlemail.com"
"66192810","wheelerjubob@aol.com"
"7274251","amy.mcnaughton-brown@mariecurie.org.uk"
"4028791","susanmhughes@btinternet.com"
"5152969","jan@johnkimber.co.uk"
"65957803","joanmike@bradiford.plus.com"
"1800306","fountain.cottage@live.co.uk"
"1203909","maureenlily@aol.com"
"1520861","annetornabene@gmail.com"
"1204434","mvjollands@blueyonder.co.uk"
"68497906","hayley.revell@mariecurie.org.uk"
"73948709","seddon.l@sky.com"
"12746414","harveyb.lions@yahoo.com"
"13991590","richardlewington@hotmail.co.uk"
"11114232","theresakilheeney@hotmail.co.uk"
"2234026","barbarajoanwilliams@btinternet.com"
"39119484","shangton@btinternet.com"
"1202157","katie.grinter@mariecurie.org.uk"
"3242200","ithornehouse@icloud.com"
"81315760","tracy.annunziato@mariecurie.org.uk"
"6567200","deswoneill@aol.com"
"67307291","dustycam@tiscali.com"
"40486815","malcolmnaven@gmail.com"
"3835752","jambry@uwclub.net"
"7274251","amy.mcnaughton-brown@mariecurie.org.uk"
"70129875","fiona.maggs@mariecurie.org.uk"
"4058638","millskirk@ntlworld.com"
"85300196","kat.mcgregor@mariecurie.org.uk"
"1885691","eileenjohnston3@aol.com"
"36150580","david.eldridge1@sky.com"
"67339305","roychamberlain99@gmail.com"
"30958483","mattew.worsfold@sky.com"
"65667071","danielle.richards@mariecurie.org.uk"
"8765979","joan.dray@sky.com"
"1205476","raymondcollyer@aol.co.uk"
"70453557","karenehayes63@gmail.com"
"1667340","gillian.27@btinternet.com"
"78090493","claire_blakeney@hotmail.com"
"89106322","aanika.dhillon@gmail.com"
"4476203","lenreilly@hotmail.co.uk"
"14976281","owengeoffrey@yahoo.com"
"95620124","570ery@gmail.com"
"11718105","carlacohen1962@icloud.com"
"62047752","guyhws@gmail.com"
"14467090","vhyde03@aol.com"
"72720535","leonlambert42@gmail.com"
"5138607","ciera.murphy@tiscali.co.uk"
"13873249","amy.mcnaughton-brown@mariecurie.org.uk"
"1480153","gerry.horne@gmail.com"
"105965390","judithellendavis@yahoo.co.uk"
"109886356","maura.corser@hotmail.com"
"63626333","daniel.booth@mariecurie.org.uk"
"106801674","allanrobert@btinternet.com"
"66481849","lennybenny73@hotmail.com"
"32649792","pam.bell1908@gmail.com"
"68631356","lauren.alexander@mariecurie.org.uk"
"110934578","lauren.flint@mariecurie.org.uk"
"13138758","moiradrummond58@gmail.com"
"3641924","mimistar7@hotmail.com"
"44075302","whiteside_derek@yahoo.co.uk"
"119325984","sarah.harris@mariecurie.org.uk"
"39623115","joan-hobbs@sky.com"
"63647473","lauren.alexander@mariecurie.org.uk"
"25256127","lbreckill@yahoo.co.uk"
"109642070","mrsgoldiebird@gmail.com"
"69391485","csuewalton@googlemail.com"
"121470961","j.richardson000@btinternet.com"
"11980321","dellabotwright@gmail.com"
"27209436","jane.richardson@mariecurie.org.uk"
"6239292","ncook1901@gmail.com"
"6566862","alicemealing47@gmail.com"
"70097236","tracy.annunziato@mariecurie.org.uk"
"6355338","stevepugh15@yahoo.co.uk"
"16103662","daveplayford@hotmail.com"
"57929243","hitchinmariecurie@btinternet.com"
"2457064","irene.fuller@sky.com"
"126480626","maureennix257@btinternet.com"
"69315857","nerysmooney@gmail.com"
"3521633","blueskies18@live.co.uk"
"125447423","judithellendavis@yahoo.co.uk"
"3521633","blueskies18@live.co.uk"
"24374454","racheloram_1@hotmail.co.uk"
"4962884","rontothill@aol.com"
"127774002","ruthkwright@googlemail.com"
"71631476","peter.sara@mariecurie.org.uk"
"1800306","fountain.cottage@live.co.uk"
"14333728","marstongreenfrg.mariecurie@gmail.com"
"14333728","marstongreenfrg.mariecurie@gmail.com"
"26008489","grahamellison19@gmail.com"
"35372228","susiepaul2@gmail.com"
"25981796","angela.bussey@mariecurie.org.uk"
"115904752","sadandtiredagain@hotmail.com"
"13707219","simonlavan@hotmail.co.uk"
"66559576","lindaedwards49@hotmail.co.uk"
"109824285","p.lucas@btopenworld.com"
"127203162","info@christinewhite.co.uk"
"14758309","jenny@jennybruce.co.uk"
"125953582","shirley349@btinternet.com"
"34175355","sophie.barber@mariecurie.org.uk"
"125627536","nickmullen1916@gmail.com"
"57700163","geraldinet57@hotmail.com"
"1199542","fj.dobson@gmail.com"
"127264961","highlands55@highlands55.karoo.co.uk"
"125627536","nickmullen1916@gmail.com"
"1198441","daceyrita@yahoo.co.uk"
"6618166","hhodgson@clara.net"
"127410722","charli.thomas@mariecurie.org.uk"
"15645773","elma.mitchell@mariecurie.org.uk"
"35656723","scary295@hotmail.com"
"70213391","chriswolfgarth@msn.com"
"1203067","lizd54@msn.com"
"1251676","tsgeorge60@yahoo.co.uk"
"73260790","john.booth653@gmail.com"
"16333126","stephaniewint01@gmail.com"
"4569461","elericross@yahoo.co.uk"
"40270294","rowe480@btinternet.com"
"1979858","dell_liz@hotmail.com"
"1467794","hilarycourse@hotmail.co.uk"
"3136105","tomtomsue@live.co.uk"
"1200923","jannash5@live.co.uk"
"2453543","dollymay.wilks@googlemail.com"
"71568372","lindamalyon@hotmail.com"
"21126888","chriseasthope@hotmail.co.uk"
"128153202","claire.korsakovs@mariecurie.org.uk"
"127825090","stott.alison1@gmail.com"
"16474908","judith.kennedy@loop.co.uk"
"3160345","lesandpauline@uwclub.net"
"23923309","hilary.lemarie@btinternet.com"
"58447068","vtramposch@gmail.com"
"52798014","jennywrenh@gmail.com"
"125964432","joan-hobbs@sky.com"
"1659570","carolyn_bellerby@hotmail.com"
"122694349","heena6@btinternet.com"
"1198719","debra_senior@hotmail.co.uk"
"127867476","david.stevenson@mariecurie.org.uk"
"129928237","tracy.annunziato@mariecurie.org.uk"
"62647710","ann.elliott@mariecurie.org.uk"
"1203989","mdnagle88@yahoo.co.uk"
"10916060","andrew.latham@northstaffs.nhs.uk"
"126479000","zolaosgood@yahoo.com"
"26963546","alisonamallender@hotmail.com"
"123047144","annmichie@hotmail.co.uk"
"1932991","hannah.leckie@mariecurie.org.uk"
"61264177","nicolashort75@msn.com"
"124874947","laura.c.robinson@mariecurie.org.uk"
"4837932","jecosens@gmail.com"
"103357177","sandrafairhurst@hotmail.com"
"1878589","linda-edwards@talktalk.net"
"34268411","duncmatt43@gmail.com"
"2457064","irene.fuller@sky.com"
"24258901","kensmith369@googlemail.com"
"14053543","kimallensby54@gmail.com"
"67962460","am.rahmani@hotmail.co.uk"
"133575345","jane.richardson@mariecurie.org.uk"
"136330213","katelipton@googlemail.com"
"4160560","null"
"40508174","antonysutch@yahoo.co.uk"
"63782472","jillian.walker@mariecurie.org.uk"
"6085005","peter.buckle32@yahoo.co.uk"
"139929535","jillian.walker@mariecurie.org.uk"
"14258998","annjones1947@outlook.com"
"57636288","patridgway92@gmail.com"
"4666094","joanna.cooper1970@hotmail.co.uk"
"1238730","pamelahorne@hotmail.com"
"65969317","beryl.heighway@gmail.com"
"133045215","janemilnesclarke@gmail.com"
"118262090","sarhill3@aol.com"
"127026160","p3she@hotmail.co.uk"
"140962060","noemail@mariecurie.org.uk"
"78109612","lauren.alexander@mariecurie.org.uk"
"61439667","davidrickelton2@gmail.com"
"136279191","brilloward@gmail.com"
"139485228","bafundraising@gmail.com"
"135695803","cgrimwood@yahoo.com"
"70571394","ellietot24@hotmail.com"
"134170256","null"
"75327972","princessdp@hotmail.co.uk"
"2168131","dandjbell@f2s.com"
"16333126","stephaniewint01@gmail.com"
"3541781","rayandhazel41@btinternet.com"
"70020652","shirleyhogg42@gmail.com"
"3460422","colin-linda1978@hotmail.com"
"135833536","johnreay55@outlook.com"
"11098872","davefoxy@talktalk.net"
"138519975","valeriegould62@gmail.com"
"130802394","davidaustin1956@hotmail.com"
"17011289","anne.abel@live.co.uk"
"2454097","elfedllinos@hotmail.co.uk"
"54040697","jane.lutman@aol.com"
"70097236","tracy.annunziato@mariecurie.org.uk"
"134400835","radcliffe.jynto@btinternet.com"
"46611284","suloe@tiscali.co.uk"
"133307796","blunt.annie66@gmail.com"
"3512082","clegking@tiscali.co.uk"
"3512082","clegking@tiscali.co.uk"
"69764449","6490billy@gmail.com"
"9086053","pamandbrihunt@gmail.com"
"136101971","whickhamfundraising01mariecurie@gmail.com"
"14459899","korky001@btinternet.com"
"126624746","devon.fundraising@mariecurie.org.uk"
"70974042","holly.carey@mariecurie.org.uk"
"70101495","ollyhocks@aol.com"
"133954967","hathawaybaz@gmail.com"
"70525600","madaboutmel_4@hotmail.com"
"134596901","sarahcheetham68@gmail.com"
"64564824","sheila.widdop@gmail.com"
"134772139","ppodonnell6@gmail.com"
"138247879","walkmoore99@hotmail.com"
"72335004","lizsmith365@gmail.com"
"130357831","marlynmcdermott@outlook.com"
"137628860","ewanmstrafford@gmail.com"
"135688998","lindalemont@aol.com"
"36020535","ann.cresswell@btinternet.com"
"68767587","sonofliverpool@hotmail.com"
"4117685","old_house@talk21.com"
"134832104","cloons213@gmail.com"
"140290577","ruth.tandy@mariecurie.org.uk"
"132175092","maureenwilliams@sky.com"
"133385124","ref.dave@blueyonder.co.uk"
"133292392","davemish@byinternet.com"
"141400168","john.viv@tiscali.co.uk"
"130917046","loreena_cawkwell@hotmail.com"
"1204290","mmosteele@talktalk.net"
"140394316","julie.gray@mariecurie.org.uk"
"47306758","jeanette.robathan@britvic.com"
"138785713","ross.clift@mariecurie.org.uk"
"135599299","pam.obrien@vfast.co.uk"
"69620038","leanne.moore@cheshireeast.gov.uk"
"13719652","amandaraa@gmail.com"
"138971821","gillbarron87@icloud.com"
"25429554","copelandfamily2@aol.com"
"1748382","lizhollowell@hotmail.com"
"72357887","traceyam@hotmail.co.uk"
"1204607","nicky_cyd@hotmail.com"
"65418560","hmcshane1@hotmail.co.uk"
"139606571","mandyk@btinternet.com"
"134146510","sarah.griffiths@hotmail.co.uk"
"63782472","jillian.walker@mariecurie.org.uk"
"136088116","null"
"1478666","bharris34@blueyonder.co.uk"
"6801413","wendypointon@hotmail.co.uk"
"12668594","tghassall@outlook.com"
"136447951","sarah-elizabeth.pearson@sky.com"
"132028760","zaraframe@hotmail.co.uk"
"133071071","smrilstone@aol.com"
"4003341","bellsharon1@sky.com"
"132290231","sue@drakefamily.org.uk"
"16030091","hirjo43@hotmail.com"
"3996487","alison.hanna@btinternet.com"
"16333126","stephaniewint01@gmail.com"
"40195274","mikekay1958@gmail.com"
"44605608","geoffreyggk@zoho.com"
"142155856","noemail@mariecurie.org.uk"
"138017650","katie.wardlaw@mariecurie.org.uk"
"138878953","garethtreanor@gmail.com"
"1205079","pearce.construction@dial.pipex.com"
"135628901","pauline.metcalfe@gmail.com"
"127114344","norma45we@gmail.com"
"137456283","ginnyjukes@tiscali.co.uk"
"12777525","val.carter35@yahoo.co.uk"
"13339056","traciewalsh@live.co.uk"
"125756684","jillm.channing@gmail.com"
"136809006","janet.hatton45@hotmail.com"
"11789002","sueglasser@hotmail.com"
"134236187","ginabb13@hotmail.com"
"68274638","cullen_m1@sky.com"
"130876225","clarecook02@gmail.com"
"139520921","helenleone58@gmail.com"
"67962460","am.rahmani@hotmail.co.uk"
"2879054","c.wright432@btinternet.com"
"138253638","mpopat@forestsch.org.uk"
"73238500","gary194@btinternet.com"
"139264281","loshinipattinson@gmail.com"
"139317737","mikesmart254@btinternet.com"
"41486743","mrbclark109@gmail.com"
"138144749","shellybannister688@gmail.com"
"2573446","peteb856@talktalk.net"
"72983327","ann.cheesman@blueyonder.co.uk"
"139779790","albmackin@msn.com"
"133279377","yvonnepberry@aol.com"
"11414714","wendy.jones539@btinternet.com"
"66673872","claires.gregory@btinternet.com"
"2818937","wheater.w.j@btinternet.com"
"12097557","karenaitken36@gmail.com"
"139474665","bevanjulie7@gmail.com"
"60802542","johngoldthorpe25@gmail.com"
"1202920","linda.sparks@live.co.uk"
"36139150","cam.young1997@tiscali.co.uk"
"138219553","cornwallray@live.co.uk"
"2014520","psmith_smudge@yahoo.co.uk"
"1199726","gemma@handbagsuk.com"
"140739680","claire.woolf@hotmail.com"
"33996131","tinahyde43@gmail.com"
"139607684","lexi-maysmummy@hotmail.co.uk"
"67716645","lauren.alexander@mariecurie.org.uk"
"130539855","nickdaniels121@gmail.com"
"141772002","oneill_rachel@hotmail.co.uk"
"138973877","isobeljosslogworth@gmail.com"
"3847017","anitawoollardbryant@gmail.com"
"3121555","julia.brading@ntlworld.com"
"1206041","sandrasamways@btinternet.com"
"140936084","spikeyanne@icloud.com"
"13140702","lsmountford@hotmail.com"
"139793681","aimeeruth81@icloud.com"
"138704652","mdnagle88@yahoo.co.uk"
"128462861","sarah.millerick@mariecurie.org.uk"
"39984074","ignisbellator@aol.co.uk"
"24503548","k.bouston@btinternet.com"
"11380978","pamread88@yahoo.com"
"66192810","wheelerjubob@aol.com"
"142411993","egjamieson@lineone.co.uk"
"1697883","emma.williams@mariecurie.org.uk"
"142380202","saintsmum1@sky.com"
"1202920","linda.sparks@live.co.uk"
"136655292","becca21071987@gmail.com"
"142174138","sarahtraynier@gmail.com"
"26798085","bcrichmond@uwclub.net"
"133409650","carly.searle@mariecurie.org.uk"
"137348144","lancejones67@yahoo.co.uk"
"140958640","cj1.bearhug@gmail.com"
"2866643","jackieingram@hotmail.co.uk"
"135788213","pauladam1963@gmail.com"
"132544782","smaddocks@hotmail.co.uk"
"42326621","sue.godden@hotmail.co.uk"
"136580650","thebeachboy17@yahoo.co.uk"
"2445277","claustin@talk21.com"
"27107089","rosie.campbell93@btinternet.com"
"61439667","davidrickelton2@gmail.com"
"71631079","aanika.dhillon@mariecurie.org.uk"
"18526044","wattozi1@gmail.com"
"99976411","colpet51@live.co.uk"
"40875590","alisonland1@outlook.com"
"15833035","dinodad3@gmail.com"
"2959323","louise_corless@hotmail.com"
"24324426","andersonvivienne@ymail.com"
"36760002","patjoel@hotmail.co.uk"
"4339254","dionnec2001@gmail.com"
"128479672","junelehair@gmail.com"
"13003882","noemail@gmail.com"
"13003882","noemail@gmail.com"
"148684603","andrewfrankiss162@gmail.com"
"172015","tessakelsall@ntlworld.com"
"133727194","markwhittemore@hotmail.com"
"126122903","corywalker81@outlook.com"
"147934000","nadiaabbasi2008@gmail.com"
"145009375","wendy.voss@mariecurie.org.uk"
"148972361","ruth.tandy@mariecurie.org.uk"
"14828502","heathermurphy982@gmail.com"
"129204820","cuckowrogermartyn34@gmail.com"
"134788330","janet.soley@ntlworld.com"
"13760408","jillbrooks@penybanc.eclipse.co.uk"
"137664075","lisa.fenner12@gmail.com"
"140394313","sacha.tyler@mariecurie.org.uk"
"150166693","mhairi321@aol.com"
"128462861","sarah.millerick@mariecurie.org.uk"
"132869953","suecards2@gmail.com"
"151202711","maureen.gemini@btinternet.com"
"34175355","sophie.barber@mariecurie.org.uk"
"133954751","susanralph@live.co.uk"
"1199969","grahamellison19@gmail.com"
"10138464","gm12@talktalk.net"
"1199969","grahamellison19@gmail.com"
"69817002","sandrajames1963@hotmail.co.uk"
"140498644","jimamos46@blueyonder.co.uk"
